{
  "delta_commute_minutes": {
    "count": 1024.0,
    "mean": 3.1103515625,
    "std": 9.213155744991171,
    "min": -60.0,
    "25%": -1.0,
    "50%": 3.0,
    "75%": 10.0,
    "max": 38.0
  },
  "avg_commute_minutes": {
    "count": 1024.0,
    "mean": 35.83349609375,
    "std": 13.063640791794324,
    "min": 4.0,
    "25%": 27.0,
    "50%": 35.0,
    "75%": 43.0,
    "max": 90.0
  },
  "congestion_ratio_morning": {
    "count": 1024.0,
    "mean": 0.5105059765424076,
    "std": 0.41079136558884355,
    "min": 0.043478260869565216,
    "25%": 0.2645671476137625,
    "50%": 0.3587324625060474,
    "75%": 0.5241071428571429,
    "max": 2.0
  },
  "congestion_ratio_evening": {
    "count": 1023.0,
    "mean": 0.5350248072980456,
    "std": 0.3911444414534742,
    "min": 0.0,
    "25%": 0.3,
    "50%": 0.4098360655737705,
    "75%": 0.5897435897435898,
    "max": 2.0
  },
  "overall_congestion_ratio": {
    "count": 1024.0,
    "mean": 0.524003792786379,
    "std": 0.3862454979672346,
    "min": 0.05,
    "25%": 0.28878205128205126,
    "50%": 0.38918128654970763,
    "75%": 0.5555555555555556,
    "max": 2.0
  },
  "delay_minus_wait": {
    "count": 1024.0,
    "mean": 0.9404296875,
    "std": 6.937887129454707,
    "min": -51.0,
    "25%": -1.0,
    "50%": 0.0,
    "75%": 3.0,
    "max": 47.0
  },
  "risk_aversion_index": {
    "count": 0.0,
    "mean": NaN,
    "std": NaN,
    "min": NaN,
    "25%": NaN,
    "50%": NaN,
    "75%": NaN,
    "max": NaN
  },
  "comfort_preference_index": {
    "count": 1024.0,
    "mean": 0.6805419921875,
    "std": 0.18713622043674727,
    "min": 0.0,
    "25%": 0.5,
    "50%": 0.75,
    "75%": 0.875,
    "max": 1.0
  },
  "efficiency_orientation_index": {
    "count": 1024.0,
    "mean": 0.6978271484375,
    "std": 0.1459663155344879,
    "min": 0.0,
    "25%": 0.625,
    "50%": 0.7083333333333334,
    "75%": 0.7916666666666667,
    "max": 0.9666666666666667
  },
  "information_dependency_index": {
    "count": 1024.0,
    "mean": 0.56719970703125,
    "std": 0.14530271905952757,
    "min": 0.0625,
    "25%": 0.5,
    "50%": 0.5625,
    "75%": 0.625,
    "max": 1.0
  },
  "target_reroute_high": {
    "count": 1024.0,
    "mean": 0.6259765625,
    "std": 0.48410615745790797,
    "min": 0.0,
    "25%": 0.0,
    "50%": 1.0,
    "75%": 1.0,
    "max": 1.0
  },
  "target_low_delay_tolerance": {
    "count": 1024.0,
    "mean": 0.517578125,
    "std": 0.49993508254036667,
    "min": 0.0,
    "25%": 0.0,
    "50%": 1.0,
    "75%": 1.0,
    "max": 1.0
  }
}